{"rotation":0.00815324,"scale":808938.18664580502,"targetGeometry":{"x":121.10118226552994,"y":24.070538924816248,"z":0,"spatialReference":{"wkid":4326}}}